Tipo de Ciclo,Matricula,CURP Alumno,Nombre Alumno,Fecha Nacimiento,Sexo,Estado Alumno,Nombre Tutor,Parentesco,Telefono Tutor,Correo Tutor,Nivel Educativo Destino,Grado Destino,Grupo Destino,Plan de Pago Asignado
ANUAL,MAT-0001,P396C30RUHV6H23CW5,ADRIAN GABRIEL CASTELLANOS VARGAS,07/02/2023,F,ACTIVO,Silvia Rodriguez Perez,PADRE,9217722097,silvia.rodriguez.per40@ejemplo.com,Preescolar,1,K,Plan 10 Meses
ANUAL,MAT-0002,I0BIIK1P4J8H57WT0J,ELIAS DANIEL CRUZ LOPEZ,09/07/2023,F,ACTIVO,Martha Martinez Cruz,PADRE,9213280100,martha.martinez.cruz30@ejemplo.com,Preescolar,1,K,Plan 10 Meses
ANUAL,MAT-0003,HFCV327N3IWXE9LJ10,HELENA POBLETE PEčA,11/10/2023,M,ACTIVO,Javier Alvarez Castillo,MADRE,9213642644,javier.alvarez.casti5@ejemplo.com,Preescolar,1,K,Plan 12 Meses
ANUAL,MAT-250001,4ROBD7OGTNOUBC4Z62,DANAE GARC├ŹA JIMENEZ,15/11/2022,F,ACTIVO,Ana Gutierrez Martinez,MADRE,9215749278,ana.gutierrez.martin53@ejemplo.com,Preescolar,2,K,Plan 12 Meses
ANUAL,MAT-250002,QPNLOONSM751C7GDDL,SARA ANALI CRUZ PORTILLA,10/03/2022,F,ACTIVO,Humberto Romero Ramirez,PADRE,9215889300,humberto.romero.rami47@ejemplo.com,Preescolar,2,K,Plan 12 Meses
ANUAL,MAT-250003,J6K54BX1HKAYLV4O6Q,JOHANA CRUZ MURGIA,10/05/2022,F,ACTIVO,Rafael Diaz Flores,PADRE,9219529172,rafael.diaz.flores3@ejemplo.com,Preescolar,2,K,Plan 10 Meses
ANUAL,MAT-250004,34MKADXXXMU5QBI201,GAEL SANDOVAL GARCIA,21/10/2022,F,ACTIVO,Rafael Rodriguez Gonzalez,MADRE,9216684377,rafael.rodriguez.gon18@ejemplo.com,Preescolar,2,K,Plan 10 Meses
ANUAL,MAT-250005,KYV9WCOSDLPBAHSHLF,AITANA REBECA FERN├üNDEZ CRUZ,02/12/2022,F,ACTIVO,Roberto Reyes Torres,PADRE,9218465701,roberto.reyes.torres1@ejemplo.com,Preescolar,2,K,Plan 12 Meses
ANUAL,MAT-260001,AN4ORQ1IWVUT9YYV12,CARLA SOF├ŹA JIMENEZ CRUZ,20/01/2021,M,ACTIVO,Laura Gonzalez Gonzalez,PADRE,9216802698,laura.gonzalez.gonza45@ejemplo.com,Preescolar,3,K,Plan 10 Meses
ANUAL,MAT-250006,OTS41UYSDOLAJEX6YX,ELISA ABIGAIL ALONSO ZAMORA,20/09/2021,F,ACTIVO,Alicia Torres Romero,MADRE,9211915924,alicia.torres.romero13@ejemplo.com,Preescolar,3,K,Plan 10 Meses
ANUAL,MAT-260002,9S770QABM39BB1VHSU,NAYAN MARIN MARTINEZ,18/11/2021,F,ACTIVO,Enrique Gomez Diaz,TUTOR,9214423738,enrique.gomez.diaz17@ejemplo.com,Preescolar,3,K,Plan 10 Meses
ANUAL,MAT-260003,IBMTAG2XCJOWMA1UA5,KAI DE MARIA HERNADEZ ROM├üN,06/12/2021,M,ACTIVO,Veronica Lopez Diaz,TUTOR,9211048879,veronica.lopez.diaz51@ejemplo.com,Preescolar,3,K,Plan 10 Meses
ANUAL,MAT-0013,RTAMW0YK0FDQ28HV2L,KAI DE MARIA HERNANDEZ ROMAN,15/09/2021,F,ACTIVO,Alicia Ramirez Jimenez,MADRE,9212002208,alicia.ramirez.jimen29@ejemplo.com,Preescolar,3,K,Plan 10 Meses
ANUAL,MAT-0014,XFYT18C8I14GDDEBKV,GUTIERREZ VEGA JAZMIN ALEJANDRA,13/04/2020,M,ACTIVO,Enrique Garcia Jimenez,PADRE,9219377711,enrique.garcia.jimen8@ejemplo.com,Primaria,1,P,Plan 10 Meses
ANUAL,MAT-0015,7UZAR22NSIOT1B5O4I,LIAM SAEL RAMIREZ PEREA,24/07/2020,F,ACTIVO,Alicia Reyes Ortiz,MADRE,9214432328,alicia.reyes.ortiz4@ejemplo.com,Primaria,1,P,Plan 10 Meses
ANUAL,MAT-0016,XQYHS6TG9D9HYRTXQI,ISABELLA GALVEZ D├ŹAZ,18/01/2020,M,ACTIVO,Alicia Reyes Diaz,MADRE,9219156854,alicia.reyes.diaz14@ejemplo.com,Primaria,1,P,Plan 10 Meses
ANUAL,MAT-0017,POHK9CXTM05LU3FBIE,GEORGINA FERN├üNDEZ THEUREL,24/06/2020,M,ACTIVO,Ana Rodriguez Alvarez,PADRE,9213485148,ana.rodriguez.alvare23@ejemplo.com,Primaria,1,P,Plan 12 Meses
ANUAL,MAT-0018,JIGQN2HOWYR8E3JKPN,YOSHIMI MADARA BURELO OLIVARES,12/08/2020,M,ACTIVO,Teresa Sanchez Gutierrez,TUTOR,9219543332,teresa.sanchez.gutie43@ejemplo.com,Primaria,1,P,Plan 12 Meses
ANUAL,MAT-0019,74C46W69DOPA4I3EMS,LILIAN RENATA CORTEZ FUENTES,09/10/2020,F,ACTIVO,Martha Ramirez Romero,TUTOR,9216044911,martha.ramirez.romer33@ejemplo.com,Primaria,1,P,Plan 12 Meses
ANUAL,MAT-260004,9I9MTPX5K2A1LZ8CNC,EITHAN GARDUZA SCOTT,23/09/2020,F,ACTIVO,Silvia Rodriguez Perez,PADRE,9217722097,silvia.rodriguez.per40@ejemplo.com,Primaria,1,P,Plan 10 Meses
ANUAL,MAT-0021,6R47Y82UBYLZYL3SHD,LIAM ZAMORANO HERNANDEZ,11/09/2020,F,ACTIVO,Monica Mendoza Rodriguez,MADRE,9216235193,monica.mendoza.rodri26@ejemplo.com,Primaria,1,P,Plan 12 Meses
ANUAL,MAT-0022,O8VTUWID0FTRDXFL61,REGINA PEREYRA TOLEDO,24/08/2020,M,ACTIVO,Rafael Ortiz Romero,PADRE,9218788971,rafael.ortiz.romero19@ejemplo.com,Primaria,1,P,Plan 12 Meses
ANUAL,MAT-0023,CLNC148BOSEJTJVNT5,ABRAHAM DE JESUS MONTERO GARCIA,25/08/2020,F,ACTIVO,Ana Hernandez Morales,MADRE,9218689379,ana.hernandez.morale57@ejemplo.com,Primaria,1,P,Plan 12 Meses
ANUAL,MAT-260005,0BMYAKV5FRMZ8N8LOP,IVANNA GARCIA RUIZ,24/04/2020,M,ACTIVO,Enrique Gomez Diaz,TUTOR,9214423738,enrique.gomez.diaz17@ejemplo.com,Primaria,1,P,Plan 10 Meses
ANUAL,MAT-900001,ZOIDHRHW0CG6NEFEYP,MATIAS SAUL RIVAS GRAJEDA,18/08/2020,F,ACTIVO,Beatriz Ortiz Torres,MADRE,9215914387,beatriz.ortiz.torres44@ejemplo.com,Primaria,1,P,Plan 10 Meses
ANUAL,MAT-260006,KUNELFXF2C1ZOIKWU4,AKANE MORALES ROMAN,07/12/2020,M,ACTIVO,Monica Mendoza Romero,MADRE,9216536977,monica.mendoza.romer27@ejemplo.com,Primaria,1,P,Plan 12 Meses
ANUAL,MAT-0027,0UQERCW73UIYO4LMAQ,KHATERIN AMAIA MORALES DOMINGUEZ,20/09/2020,M,ACTIVO,Javier Alvarez Castillo,MADRE,9213642644,javier.alvarez.casti5@ejemplo.com,Primaria,1,P,Plan 10 Meses
ANUAL,MAT-0028,MVWARHOPT98MJS7SVB,YELENA ROSAS SANCHEZ,14/04/2020,F,ACTIVO,Carmen Jimenez Sanchez,PADRE,9215916670,carmen.jimenez.sanch20@ejemplo.com,Primaria,1,P,Plan 10 Meses
ANUAL,MAT-260007,8Z7G41S6I1M0K1PFZ8,JARA DOMINGUEZ MARIA RENATA,07/05/2020,M,ACTIVO,Ricardo Ortiz Garcia,MADRE,9212182563,ricardo.ortiz.garcia52@ejemplo.com,Primaria,1,P,Plan 10 Meses
ANUAL,MAT-0030,PU4RYWRQT1J6T76GMH,OSWALDO LOPEZ FONSECA,27/06/2019,F,ACTIVO,Antonio Flores Sanchez,PADRE,9214737369,antonio.flores.sanch25@ejemplo.com,Primaria,2,P,Plan 10 Meses
ANUAL,MAT-0031,DH8EFHR4LA33A9IBZQ,CARLOS DANIEL TRUJILLO RODRIGUEZ,13/03/2019,M,ACTIVO,Ricardo Romero Rodriguez,MADRE,9218657886,ricardo.romero.rodri34@ejemplo.com,Primaria,2,P,Plan 10 Meses
ANUAL,MAT-0032,V2073O8COQ5S0OMM1T,CESAR BENHUR CASTAN OVANDO,25/08/2019,F,ACTIVO,Pedro Ortiz Jimenez,PADRE,9218723686,pedro.ortiz.jimenez10@ejemplo.com,Primaria,2,P,Plan 10 Meses
ANUAL,MAT-0033,DBZP8D24NNOFLRQ6OI,JONATHAN DE JES├ÜS SALINAS TOLEDO,14/11/2019,M,ACTIVO,Javier Alvarez Castillo,MADRE,9213642644,javier.alvarez.casti5@ejemplo.com,Primaria,2,P,Plan 10 Meses
ANUAL,MAT-0034,GN25V57UV7NXG14CF9,NATHALIA ITZA├ē JIM├ēNEZ CRUZ,04/12/2019,M,ACTIVO,Alicia Reyes Ortiz,MADRE,9214432328,alicia.reyes.ortiz4@ejemplo.com,Primaria,2,P,Plan 10 Meses
ANUAL,MAT-900002,0APPIOH5RDQCDQ0WMN,JEAN CARLOS RICARDEZ VEGA,02/02/2019,M,ACTIVO,Sergio Jimenez Ruiz,TUTOR,9211926736,sergio.jimenez.ruiz28@ejemplo.com,Primaria,2,P,Plan 12 Meses
ANUAL,MAT-900003,OANOHAT08BWF6IUNYI,DOMINIC GUSTAVO NIVON OROZCO,10/11/2019,F,ACTIVO,Sergio Romero Diaz,TUTOR,9211139049,sergio.romero.diaz37@ejemplo.com,Primaria,2,P,Plan 12 Meses
ANUAL,MAT-0037,JVWXI3B0NRYTW3NOK7,LUIS MARIO HERNANDEZ VARGAS,25/11/2019,F,ACTIVO,Claudia Ramirez Morales,PADRE,9218958556,claudia.ramirez.mora71@ejemplo.com,Primaria,2,P,Plan 10 Meses
ANUAL,MAT-0038,S0JMT506BXQXMBKNGO,ROMINA RODRIGUEZ PEREZ,11/09/2019,F,ACTIVO,Pedro Mendoza Ruiz,MADRE,9211825776,pedro.mendoza.ruiz36@ejemplo.com,Primaria,2,P,Plan 10 Meses
ANUAL,MAT-0039,SF2CUGCEYO4P9B5PZA,JOSE MIGUEL CRUZ LOPEZ,28/09/2019,M,ACTIVO,Alicia Reyes Diaz,MADRE,9219156854,alicia.reyes.diaz14@ejemplo.com,Primaria,2,P,Plan 10 Meses
ANUAL,MAT-0040,C6M0KT58RUCEKVNISD,INGRID PATRICIA GUZMAN SANTIAGO,26/10/2019,F,ACTIVO,Roberto Flores Hernandez,MADRE,9213910311,roberto.flores.herna24@ejemplo.com,Primaria,2,P,Plan 12 Meses
ANUAL,MAT-900004,UIK6O3YPI39WA10X55,EMMA SOFIA DOMINGUEZ NIETO,11/12/2019,F,ACTIVO,Silvia Alvarez Torres,MADRE,9215247265,silvia.alvarez.torre2@ejemplo.com,Primaria,2,P,Plan 10 Meses
ANUAL,MAT-260008,BXAU12AP9ZJGZ1IHML,VALENTINA TOSCANO MOSQUEDA,09/04/2019,M,ACTIVO,Ana Gutierrez Martinez,MADRE,9215749278,ana.gutierrez.martin53@ejemplo.com,Primaria,2,P,Plan 10 Meses
ANUAL,MAT-0043,Q0GKVA6095L1GDOGIN,ANGEL DE JESUS ARRONIZ CALZADA,04/06/2019,M,ACTIVO,Roberto Reyes Torres,PADRE,9218465701,roberto.reyes.torres1@ejemplo.com,Primaria,2,P,Plan 10 Meses
ANUAL,MAT-0044,O5B6PCCS2PHAN0T1XE,ANDRES VEGA CAPORAL,10/01/2019,F,ACTIVO,Alicia Torres Romero,MADRE,9211915924,alicia.torres.romero13@ejemplo.com,Primaria,2,P,Plan 10 Meses
ANUAL,MAT-900005,Z4IYG1M1YF3U5CCBK4,MATIAS ALEJANDRO PEREZ REYES,03/11/2019,M,ACTIVO,Veronica Garcia Castillo,MADRE,9216385670,veronica.garcia.cast32@ejemplo.com,Primaria,2,P,Plan 10 Meses
ANUAL,MAT-0046,B24Z7XNS5UX6KJZZD2,JARED ALEXANDER FUENTES TORRRES,05/12/2019,F,ACTIVO,Gabriela Castillo Torres,TUTOR,9214423069,gabriela.castillo.to31@ejemplo.com,Primaria,2,P,Plan 10 Meses
ANUAL,MAT-0047,T9V0WILPV50OPH5ROD,VALENTINA MARTINEZ,20/02/2019,F,ACTIVO,Oscar Ramirez Lopez,PADRE,9216048473,oscar.ramirez.lopez12@ejemplo.com,Primaria,2,P,Plan 10 Meses
ANUAL,MAT-0048,4RZ9I0TGF8DOT0J0KN,DOMINIC ISAAR RUIZ GARZ├ōN,28/04/2019,M,ACTIVO,Alicia Reyes Ortiz,MADRE,9214432328,alicia.reyes.ortiz4@ejemplo.com,Primaria,2,P,Plan 12 Meses
ANUAL,MAT-0049,JEDGHNB2V6OFT4WCH0,MARIA RENATA,16/08/2019,M,ACTIVO,Enrique Gomez Diaz,TUTOR,9214423738,enrique.gomez.diaz17@ejemplo.com,Primaria,2,P,Plan 10 Meses
ANUAL,MAT-0050,UWWJ7HX8TW2RI3MNXQ,KARLA SUGEY OLAN MEJIA,10/08/2019,F,ACTIVO,Juan Alvarez Jimenez,TUTOR,9218443774,juan.alvarez.jimenez60@ejemplo.com,Primaria,2,P,Plan 10 Meses
ANUAL,MAT-260009,TD8277FL5SB0TR701C,ALICE YANELI SALINAS TOLEDO,24/01/2018,M,ACTIVO,Teresa Diaz Mendoza,TUTOR,9211788332,teresa.diaz.mendoza63@ejemplo.com,Primaria,3,P,Plan 10 Meses
ANUAL,MAT-900006,N5BKDPCUZ1MW2XN84F,KAORU HIGASHI ALCANTARA,12/11/2018,M,ACTIVO,Ana Rodriguez Alvarez,PADRE,9213485148,ana.rodriguez.alvare23@ejemplo.com,Primaria,3,P,Plan 10 Meses
ANUAL,MAT-0053,6FHIJLZ5MIW27BFB0P,AGNES DANIELLE JIMENEZ CALDERON,24/11/2018,F,ACTIVO,Rosa Gutierrez Sanchez,MADRE,9219928596,rosa.gutierrez.sanch35@ejemplo.com,Primaria,3,P,Plan 10 Meses
ANUAL,MAT-260010,13Z2XHXT4OG4G3CR5I,CESAR MATEO CRUZ LANDA,16/03/2018,F,ACTIVO,Gabriela Castillo Torres,TUTOR,9214423069,gabriela.castillo.to31@ejemplo.com,Primaria,3,P,Plan 12 Meses
ANUAL,MAT-0055,J06VR4DWYQTC7KJCTP,THIAGO ALFONSO FUENTES,26/10/2018,M,ACTIVO,Miguel Reyes Jimenez,MADRE,9216843628,miguel.reyes.jimenez59@ejemplo.com,Primaria,3,P,Plan 12 Meses
ANUAL,MAT-0056,Q1CUGUDD9Q2RYALK2S,ISABELLA FERNANDA PEREZ VELAZQUEZ,16/04/2018,M,ACTIVO,Veronica Lopez Diaz,TUTOR,9211048879,veronica.lopez.diaz51@ejemplo.com,Primaria,3,P,Plan 10 Meses
ANUAL,MAT-260011,THW8KO2XBO4RAJ6W51,ASIEL ROQUE FUENTES,07/08/2018,F,ACTIVO,Teresa Diaz Mendoza,TUTOR,9211788332,teresa.diaz.mendoza63@ejemplo.com,Primaria,3,P,Plan 10 Meses
ANUAL,MAT-260012,LZ6YS0LPRTSR7ZDBM3,ALEXANDRO VIDAL APOLINAR VELAZQUEZ,21/05/2018,F,ACTIVO,Leticia Martinez Torres,MADRE,9219243444,leticia.martinez.tor7@ejemplo.com,Primaria,3,P,Plan 10 Meses
ANUAL,MAT-260013,GXN3YVEYVEEMV14Q2W,AZAEL BAILON CANCINO,13/04/2018,M,ACTIVO,Antonio Reyes Vargas,TUTOR,9214996570,antonio.reyes.vargas58@ejemplo.com,Primaria,3,P,Plan 10 Meses
ANUAL,MAT-0060,MAUZICIL68B1KAN185,MATEO CRUZ PORTILLA,04/03/2018,M,ACTIVO,Ana Gutierrez Martinez,MADRE,9215749278,ana.gutierrez.martin53@ejemplo.com,Primaria,3,P,Plan 10 Meses
ANUAL,MAT-0061,OSCAN16INEO7ZSS97X,DEREK ABDIEL PECH SANTIAGO,01/03/2018,F,ACTIVO,Gabriela Flores Castillo,PADRE,9212820704,gabriela.flores.cast42@ejemplo.com,Primaria,3,P,Plan 10 Meses
ANUAL,MAT-260014,R8WNTXD69EH6P4HUFB,DIEGO LARA BARRERA,12/08/2018,M,ACTIVO,Laura Lopez Perez,TUTOR,9216618156,laura.lopez.perez62@ejemplo.com,Primaria,3,P,Plan 10 Meses
ANUAL,MAT-260015,0X72JCG7P6A0YWY20K,SEBASTIAN CARRASCO RAMIREZ,17/03/2018,F,ACTIVO,Leticia Hernandez Reyes,MADRE,9214958866,leticia.hernandez.re11@ejemplo.com,Primaria,3,P,Plan 10 Meses
ANUAL,MAT-260016,LXUPHUEYWA5LZIPXLC,MARCELO IVAN CRUZ GARCIA,18/07/2018,M,ACTIVO,Veronica Garcia Castillo,MADRE,9216385670,veronica.garcia.cast32@ejemplo.com,Primaria,3,P,Plan 10 Meses
ANUAL,MAT-0065,Y8Z2NNQZJRIJZ2FZ2G,JOSUE VALENCIA OCAMPO,11/05/2018,F,ACTIVO,Martha Ramirez Romero,TUTOR,9216044911,martha.ramirez.romer33@ejemplo.com,Primaria,3,P,Plan 10 Meses
ANUAL,MAT-260017,12J8EZQ6SSNSR05MTU,JUAN SEBASTIAN PEREZ SANTOS,02/05/2018,F,ACTIVO,Gabriela Flores Castillo,PADRE,9212820704,gabriela.flores.cast42@ejemplo.com,Primaria,3,P,Plan 10 Meses
ANUAL,MAT-0067,XBJC4F384FFQ6A95VV,GABRIEL ARRIAGA PEREZ,21/09/2018,M,ACTIVO,Silvia Lopez Diaz,TUTOR,9213743053,silvia.lopez.diaz21@ejemplo.com,Primaria,3,P,Plan 10 Meses
ANUAL,MAT-260018,ZKWHZOD4BAXDQAMP3E,LUIS EDUARDO GUITARTH MARTINEZ,13/09/2018,M,ACTIVO,Ricardo Romero Rodriguez,MADRE,9218657886,ricardo.romero.rodri34@ejemplo.com,Primaria,3,P,Plan 10 Meses
ANUAL,MAT-260019,MIKIXXT00K3QTL5UNC,CLAUDIA MARIA CASTRO CAMACHO,20/01/2018,F,ACTIVO,Silvia Castillo Romero,PADRE,9211915461,silvia.castillo.rome65@ejemplo.com,Primaria,3,P,Plan 10 Meses
ANUAL,MAT-260020,UV5MNZU0GTEXPCA5JU,LIAM HANIEL ROBLES LIMON,21/11/2018,F,ACTIVO,Sergio Romero Diaz,TUTOR,9211139049,sergio.romero.diaz37@ejemplo.com,Primaria,3,P,Plan 10 Meses
ANUAL,MAT-0071,ADVST0VTV5D5I4NVRF,DIANA MARTINEZ MENDOZA,27/10/2018,F,ACTIVO,Roberto Reyes Torres,PADRE,9218465701,roberto.reyes.torres1@ejemplo.com,Primaria,3,P,Plan 10 Meses
ANUAL,MAT-260021,G8X196STLCLBV5RZ8O,CONTRERAS PALACIONS KEIDY ISABELLA,13/07/2018,M,ACTIVO,Beatriz Cruz Alvarez,TUTOR,9216573534,beatriz.cruz.alvarez56@ejemplo.com,Primaria,3,P,Plan 12 Meses
ANUAL,MAT-0073,EAKMQN89UDGZ33Q9FX,ATENEA ALESSANDRA USCANGA TOLEDO,08/12/2018,F,ACTIVO,Veronica Ramirez Ramirez,TUTOR,9219116943,veronica.ramirez.ram15@ejemplo.com,Primaria,3,P,Plan 12 Meses
ANUAL,MAT-260022,VM0419PRFH79F9EZ0Y,KAREN ITZEL V├ēLAZQUEZ JIMENEZ,23/04/2018,M,ACTIVO,Rafael Rodriguez Gonzalez,MADRE,9216684377,rafael.rodriguez.gon18@ejemplo.com,Primaria,3,P,Plan 10 Meses
ANUAL,MAT-900007,QOML937B9UVJKBQ152,EMIR EL├ŹAS GUZM├üN POSADAS,13/04/2017,F,ACTIVO,Leticia Hernandez Reyes,MADRE,9214958866,leticia.hernandez.re11@ejemplo.com,Primaria,4,P,Plan 12 Meses
ANUAL,MAT-260023,JI30ZFBAGUK20Z1WV6,MARIA ESTHER HERNANDEZ VARGAS,27/02/2017,F,ACTIVO,Pedro Ortiz Jimenez,PADRE,9218723686,pedro.ortiz.jimenez10@ejemplo.com,Primaria,4,P,Plan 10 Meses
ANUAL,MAT-250007,B8HDAKJHCJO140342U,EMILIANO NARVAEZ MARTINEZ,25/09/2017,M,ACTIVO,Laura Gonzalez Gonzalez,PADRE,9216802698,laura.gonzalez.gonza45@ejemplo.com,Primaria,4,P,Plan 12 Meses
ANUAL,MAT-250008,2G00KD1J9VX2X7O3UF,ALANA XIMENA CASTILLO ABREU,23/08/2017,F,ACTIVO,Roberto Flores Hernandez,MADRE,9213910311,roberto.flores.herna24@ejemplo.com,Primaria,4,P,Plan 10 Meses
ANUAL,MAT-260024,U5YXH3MF5PEHEEL9GC,FRANCISCO MALIK HEREDIA DOM├ŹNGUEZ,21/09/2017,M,ACTIVO,Alicia Torres Romero,MADRE,9211915924,alicia.torres.romero13@ejemplo.com,Primaria,4,P,Plan 10 Meses
ANUAL,MAT-250009,JB0PHVDSWQ1ESDRIKC,JOSE MARIA MARTINEZ TADEO,14/08/2017,M,ACTIVO,Fernando Morales Ortiz,TUTOR,9219449858,fernando.morales.ort66@ejemplo.com,Primaria,4,P,Plan 10 Meses
ANUAL,MAT-260025,42AMBPL4LKGY3OFUB9,MIRANDA REYES ESCOBAR,15/10/2017,M,ACTIVO,Patricia Alvarez Reyes,MADRE,9216498658,patricia.alvarez.rey64@ejemplo.com,Primaria,4,P,Plan 10 Meses
ANUAL,MAT-260026,ZMPX1H85KQB0HY16Z9,CONSTANZA REYES ESCOBAR,14/10/2017,M,ACTIVO,Teresa Diaz Mendoza,TUTOR,9211788332,teresa.diaz.mendoza63@ejemplo.com,Primaria,4,P,Plan 10 Meses
ANUAL,MAT-0083,E9XG5LFT4VUPEXZOO0,DERECK BONILLA MARTINEZ,12/06/2016,F,ACTIVO,Pedro Mendoza Ruiz,MADRE,9211825776,pedro.mendoza.ruiz36@ejemplo.com,Primaria,5,P,Plan 10 Meses
ANUAL,MAT-0084,7D1MGYEVYCDEQ1CT0W,RODRIGO SORIANO LAV├ŹN,05/12/2016,F,ACTIVO,Teresa Diaz Mendoza,TUTOR,9211788332,teresa.diaz.mendoza63@ejemplo.com,Primaria,5,P,Plan 10 Meses
ANUAL,MAT-0085,NKHV1RZMD2Q7QRUCRB,GUTIERREZ VEGA DAYRA VANESA,22/12/2016,F,ACTIVO,Ana Gutierrez Martinez,MADRE,9215749278,ana.gutierrez.martin53@ejemplo.com,Primaria,5,P,Plan 10 Meses
ANUAL,MAT-0086,99PJIM742NU7CUVFO2,RAUL MANUEL HAMILTON ARIAS,09/10/2016,M,ACTIVO,Ricardo Ortiz Garcia,MADRE,9212182563,ricardo.ortiz.garcia52@ejemplo.com,Primaria,5,P,Plan 10 Meses
ANUAL,MAT-0087,EQ8NZGY4G4YMN9U2ZT,LUNA ALEJANDRA OSORIO CARBALLO,27/12/2016,M,ACTIVO,Leticia Rodriguez Vargas,PADRE,9217750301,leticia.rodriguez.va49@ejemplo.com,Primaria,5,P,Plan 10 Meses
ANUAL,MAT-0088,BJH37WW8AJ26YCSB2T,TANIA ALEXA SALVADOR MARTINEZ,08/05/2016,F,ACTIVO,Silvia Castillo Romero,PADRE,9211915461,silvia.castillo.rome65@ejemplo.com,Primaria,5,P,Plan 10 Meses
ANUAL,MAT-0089,Z3Y1NDLHL6PAWKNFY1,ANGEL MATEO VELAZQUEZ GARCIA,21/07/2016,F,ACTIVO,Silvia Torres Cruz,TUTOR,9217219087,silvia.torres.cruz16@ejemplo.com,Primaria,5,P,Plan 10 Meses
ANUAL,MAT-260027,N9Y77C4EYO0NWL799J,GISSEL ADHARA LOPEZ CRUZ,15/01/2016,F,ACTIVO,Alicia Reyes Diaz,MADRE,9219156854,alicia.reyes.diaz14@ejemplo.com,Primaria,5,P,Plan 12 Meses
ANUAL,MAT-0091,0CJ5HNT3J0IUQIPO24,MAXIMILIANO CISNEROS VILLEGAS,21/12/2016,F,ACTIVO,Alicia Torres Romero,MADRE,9211915924,alicia.torres.romero13@ejemplo.com,Primaria,5,P,Plan 10 Meses
ANUAL,MAT-0092,JJDFU8UIP00JZW9DQ9,ANGEL MATHIAS CARRASCO RAMIREZ,05/04/2016,M,ACTIVO,Alicia Reyes Ortiz,MADRE,9214432328,alicia.reyes.ortiz4@ejemplo.com,Primaria,5,P,Plan 10 Meses
ANUAL,MAT-0093,VCK1ROYS4SNO6TUNVW,YESHUA FERNANDO VALENCIA OCAMPO,03/12/2016,M,ACTIVO,Ana Rodriguez Alvarez,PADRE,9213485148,ana.rodriguez.alvare23@ejemplo.com,Primaria,5,P,Plan 10 Meses
ANUAL,MAT-0094,0GVBYQLHO6LEYRRK1D,DANIELA MICHELLE ULIN GARCIA,25/06/2016,F,ACTIVO,Enrique Rodriguez Garcia,TUTOR,9212447088,enrique.rodriguez.ga6@ejemplo.com,Primaria,5,P,Plan 10 Meses
ANUAL,MAT-260028,192NS2W6WXCSFF9OKY,VALENTINA GARCIA RUIZ,19/12/2016,M,ACTIVO,Ana Rodriguez Alvarez,PADRE,9213485148,ana.rodriguez.alvare23@ejemplo.com,Primaria,5,P,Plan 10 Meses
ANUAL,MAT-900008,JFW76AHRMPGAY49K7A,BETZABE PEREZ REYES,07/08/2016,F,ACTIVO,Maria Mendoza Ramirez,TUTOR,9214178051,maria.mendoza.ramire68@ejemplo.com,Primaria,5,P,Plan 10 Meses
ANUAL,MAT-900009,DPG0PVN4NSZWCEEIR2,GUILLERMO MIKAEL CHAVEZ,08/10/2016,F,ACTIVO,Silvia Torres Cruz,TUTOR,9217219087,silvia.torres.cruz16@ejemplo.com,Primaria,5,P,Plan 10 Meses
ANUAL,MAT-0098,TQ3YIKRSC7X2BOBJCI,ARANTXA ROSAS SANCHEZ,12/02/2016,F,ACTIVO,Rosa Ortiz Sanchez,PADRE,9215325849,rosa.ortiz.sanchez70@ejemplo.com,Primaria,5,P,Plan 10 Meses
ANUAL,MAT-260029,YEMKZING0LT64W42AL,JOS├ē GABRIEL TRUJILLO RODRIGUEZ,08/11/2015,F,ACTIVO,Ricardo Romero Rodriguez,MADRE,9218657886,ricardo.romero.rodri34@ejemplo.com,Primaria,6,P,Plan 10 Meses
ANUAL,MAT-260030,G3QZ9N94VDAB24NJM7,MEREDITH PAOLA LINARES LIMON,01/02/2015,M,ACTIVO,Rafael Rodriguez Gonzalez,MADRE,9216684377,rafael.rodriguez.gon18@ejemplo.com,Primaria,6,P,Plan 10 Meses
ANUAL,MAT-250010,V4Q6GCJQVNSZH1CAAZ,ERENDIRA DANAE SANTIAGO MARTINEZ,01/11/2015,M,ACTIVO,Silvia Alvarez Torres,MADRE,9215247265,silvia.alvarez.torre2@ejemplo.com,Primaria,6,P,Plan 10 Meses
ANUAL,MAT-250011,UYI3O8D1G7KXYMW6J4,LEOBARDO CASTELLANOS VARGAS,27/01/2015,M,ACTIVO,Antonio Flores Sanchez,PADRE,9214737369,antonio.flores.sanch25@ejemplo.com,Primaria,6,P,Plan 10 Meses
ANUAL,MAT-250012,WXX094TUW0ZFNUPRIF,IMELDA MARTINEZ RUIZ,07/04/2015,F,ACTIVO,Laura Gonzalez Gonzalez,PADRE,9216802698,laura.gonzalez.gonza45@ejemplo.com,Primaria,6,P,Plan 10 Meses
ANUAL,MAT-260031,AWK4KZ8KWI2NYG3YFV,VLADIMIR BAILON CANCINO,20/02/2015,F,ACTIVO,Alicia Ramirez Jimenez,MADRE,9212002208,alicia.ramirez.jimen29@ejemplo.com,Primaria,6,P,Plan 10 Meses
ANUAL,MAT-260032,XCRF280ML1MH74QF0Q,PEREZ CRUZ LIA KARIME,21/03/2015,F,ACTIVO,Alicia Reyes Diaz,MADRE,9219156854,alicia.reyes.diaz14@ejemplo.com,Primaria,6,P,Plan 10 Meses
ANUAL,MAT-260033,V75XBESEJXSCU4IOHD,CAMACHO ORDAZ JAZMIN,01/07/2015,F,ACTIVO,Enrique Garcia Jimenez,PADRE,9219377711,enrique.garcia.jimen8@ejemplo.com,Primaria,6,P,Plan 10 Meses
ANUAL,MAT-260034,JWT5KYSHUHAGEOE7B5,CALEB SOTO ACOSTA,12/02/2015,M,ACTIVO,Carmen Martinez Perez,PADRE,9215443066,carmen.martinez.pere39@ejemplo.com,Primaria,6,P,Plan 10 Meses
ANUAL,MAT-260035,4CIMJ6HFJ9PRTIOTOW,NAOMI CARRILLO GONZALEZ,13/06/2015,F,ACTIVO,Veronica Lopez Diaz,TUTOR,9211048879,veronica.lopez.diaz51@ejemplo.com,Primaria,6,P,Plan 10 Meses
ANUAL,MAT-0109,672EA7V9PRWYSCT19K,CARMEN GABRIELA DE LE├ōN REYES,20/05/2015,F,ACTIVO,Roberto Flores Hernandez,MADRE,9213910311,roberto.flores.herna24@ejemplo.com,Primaria,6,P,Plan 10 Meses
ANUAL,MAT-260036,00ODKHODPWWNMQIEEG,ALEJANDRO DIAZ MORALES,09/08/2015,F,ACTIVO,Sergio Romero Diaz,TUTOR,9211139049,sergio.romero.diaz37@ejemplo.com,Primaria,6,P,Plan 12 Meses
ANUAL,MAT-260037,FQXHBIYKWA4HTH3C9U,DEREK URIEL MORALES DOMINGUEZ,25/12/2015,F,ACTIVO,Claudia Flores Jimenez,TUTOR,9211565047,claudia.flores.jimen67@ejemplo.com,Primaria,6,P,Plan 10 Meses
ANUAL,MAT-250013,23TC5LYYGG31UAF63S,GAEL JUAREZ FUENTES,14/12/2015,M,ACTIVO,Silvia Lopez Diaz,TUTOR,9213743053,silvia.lopez.diaz21@ejemplo.com,Primaria,6,P,Plan 10 Meses
ANUAL,MAT-260038,H90WNCEBWR1ZNY8LMO,VALERIA MORENO GERMAN,02/07/2015,M,ACTIVO,Patricia Alvarez Reyes,MADRE,9216498658,patricia.alvarez.rey64@ejemplo.com,Primaria,6,P,Plan 10 Meses
ANUAL,MAT-260039,M83UYWSHLX4UZBC4RV,RODRIGO EMMANUEL SANCHEZ DOMINGUEZ,04/06/2015,M,ACTIVO,Leticia Martinez Torres,MADRE,9219243444,leticia.martinez.tor7@ejemplo.com,Primaria,6,P,Plan 10 Meses
ANUAL,MAT-260040,WC9OMLYRF6Q0CE0SUW,JOSEPH DAVID CONTRERAS PALACIOS,02/07/2015,F,ACTIVO,Enrique Gomez Diaz,TUTOR,9214423738,enrique.gomez.diaz17@ejemplo.com,Primaria,6,P,Plan 12 Meses
ANUAL,MAT-260041,1V08J73JIS6XZ80FD3,IKER TRISTAN ROMERO AVILA,26/06/2015,M,ACTIVO,Miguel Reyes Jimenez,MADRE,9216843628,miguel.reyes.jimenez59@ejemplo.com,Primaria,6,P,Plan 10 Meses
ANUAL,MAT-250014,CBOU0M7GEFZF7L2KFI,SOFIA BELEN PUCHETA RIVERA,20/08/2015,M,ACTIVO,Eduardo Vargas Hernandez,MADRE,9218277961,eduardo.vargas.herna9@ejemplo.com,Primaria,6,P,Plan 10 Meses
ANUAL,MAT-260042,TJC40B3CUGVZBAJCDO,DANIEL BURGOS MENA,19/09/2015,F,ACTIVO,Carmen Ramirez Vargas,MADRE,9216187334,carmen.ramirez.varga69@ejemplo.com,Primaria,6,P,Plan 10 Meses
ANUAL,MAT-0119,WMVMFEIDYPXUTGIFMF,JOEL BARZILAI JIMENEZ AGUIRRE,09/02/2014,F,ACTIVO,Rosa Gutierrez Sanchez,MADRE,9219928596,rosa.gutierrez.sanch35@ejemplo.com,Secundaria,1,S,Plan 12 Meses
ANUAL,MAT-0120,1GAK2SL5DR7PU2N087,BRYAN YAEL RODR├ŹGUEZ LOPEZ,08/12/2014,M,ACTIVO,Maria Mendoza Ramirez,TUTOR,9214178051,maria.mendoza.ramire68@ejemplo.com,Secundaria,1,S,Plan 12 Meses
ANUAL,MAT-0121,SBPH3FQWKLMJW94F85,ZION USCANCA VAZQUEZ,13/09/2014,M,ACTIVO,Rosa Gutierrez Sanchez,MADRE,9219928596,rosa.gutierrez.sanch35@ejemplo.com,Secundaria,1,S,Plan 10 Meses
ANUAL,MAT-0122,Z7OX5UKKJWQZX4DEQN,JORGE GABRIEL SALVADOR MARTINEZ,08/04/2014,F,ACTIVO,Oscar Ramirez Lopez,PADRE,9216048473,oscar.ramirez.lopez12@ejemplo.com,Secundaria,1,S,Plan 10 Meses
ANUAL,MAT-0123,MP12JD45QO3E5J65S9,HECTOR MANUEL PONCE SANTIAGO,28/01/2014,F,ACTIVO,Oscar Ramirez Lopez,PADRE,9216048473,oscar.ramirez.lopez12@ejemplo.com,Secundaria,1,S,Plan 10 Meses
ANUAL,MAT-0124,NK8IU2V2J16544V75P,EMILIANO PEREZ VELAZQUEZ,15/11/2014,F,ACTIVO,Claudia Gutierrez Castillo,TUTOR,9212269842,claudia.gutierrez.ca41@ejemplo.com,Secundaria,1,S,Plan 10 Meses
ANUAL,MAT-0125,SG24E6C0Y68ZNH6IP9,ETHAN RAMIREZ ALOR,20/07/2014,F,ACTIVO,Beatriz Ortiz Torres,MADRE,9215914387,beatriz.ortiz.torres44@ejemplo.com,Secundaria,1,S,Plan 12 Meses
ANUAL,MAT-0126,3W6NZCI1TNEFCT3K55,ASHLEY ALEXA TOTO MARTINEZ,16/10/2014,M,ACTIVO,Rafael Gomez Morales,MADRE,9216245113,rafael.gomez.morales22@ejemplo.com,Secundaria,1,S,Plan 10 Meses
ANUAL,MAT-0127,XZ26HM2UOV7WLVCD0H,DAMIAN HERNANDEZ FLORES,02/01/2014,F,ACTIVO,Maria Mendoza Ramirez,TUTOR,9214178051,maria.mendoza.ramire68@ejemplo.com,Secundaria,1,S,Plan 10 Meses
ANUAL,MAT-0128,OIJRSIQA9029ZU7BA4,KENDRA ALEXANDRA PEREZ CRUZ,01/08/2014,M,ACTIVO,Silvia Rodriguez Perez,PADRE,9217722097,silvia.rodriguez.per40@ejemplo.com,Secundaria,1,S,Plan 10 Meses
ANUAL,MAT-0129,SA9G5JZ5VFW8PQ5LEB,DARVIN GONZALEZ GOMEZ,01/01/2014,M,ACTIVO,Leticia Hernandez Reyes,MADRE,9214958866,leticia.hernandez.re11@ejemplo.com,Secundaria,1,S,Plan 12 Meses
ANUAL,MAT-260043,NL3TGNU1LNTR527B0F,ARIADNA SORIANO LAVIN,20/10/2013,M,ACTIVO,Patricia Martinez Perez,TUTOR,9212939066,patricia.martinez.pe61@ejemplo.com,Secundaria,2,S,Plan 10 Meses
ANUAL,MAT-260044,R46E811C5IS28S0TC0,JATZIRI KRISTEL ZURIANO FELIX,24/01/2013,M,ACTIVO,Veronica Garcia Castillo,MADRE,9216385670,veronica.garcia.cast32@ejemplo.com,Secundaria,2,S,Plan 10 Meses
ANUAL,MAT-260045,BOAZ4AO8V04RD7C7ZI,EVAN MATIAS ZARAGOZA MATINEZ,20/07/2013,M,ACTIVO,Silvia Lopez Diaz,TUTOR,9213743053,silvia.lopez.diaz21@ejemplo.com,Secundaria,2,S,Plan 12 Meses
ANUAL,MAT-260046,P73LQWYOK0SPTQWPK4,HANNA NICOLE SALOME GOMEZ,04/07/2013,F,ACTIVO,Monica Mendoza Romero,MADRE,9216536977,monica.mendoza.romer27@ejemplo.com,Secundaria,2,S,Plan 10 Meses
ANUAL,MAT-0134,G5UP81WMJEDPL8ZC3K,JIMENNA SOFIA OCHA,17/10/2013,M,ACTIVO,Martha Martinez Cruz,PADRE,9213280100,martha.martinez.cruz30@ejemplo.com,Secundaria,2,S,Plan 10 Meses
ANUAL,MAT-260047,PVY013ST6QNRUTELHA,RENATA VALENTINA LOPEZ CRUZ,16/11/2013,M,ACTIVO,Patricia Martinez Perez,TUTOR,9212939066,patricia.martinez.pe61@ejemplo.com,Secundaria,2,S,Plan 12 Meses
ANUAL,MAT-260048,1PRSYU1RJD704CZT4D,LUISA PAULETTE SANCHEZ SANTOS,26/07/2013,M,ACTIVO,Claudia Flores Jimenez,TUTOR,9211565047,claudia.flores.jimen67@ejemplo.com,Secundaria,2,S,Plan 12 Meses
ANUAL,MAT-260049,T6E70W46P1EOOQM0VT,VANIA ZOE FARIAS BAHENA,11/03/2013,F,ACTIVO,Leticia Rodriguez Vargas,PADRE,9217750301,leticia.rodriguez.va49@ejemplo.com,Secundaria,2,S,Plan 10 Meses
ANUAL,MAT-260050,51MMFOM98O51XC0N0H,LEYLA CRUZ ARIZPE,03/07/2013,F,ACTIVO,Miguel Reyes Jimenez,MADRE,9216843628,miguel.reyes.jimenez59@ejemplo.com,Secundaria,2,S,Plan 10 Meses
ANUAL,MAT-0139,KOII97NDL0OIG1V65T,ANGEL DE JESUS RABANALES ALEGRIA,20/07/2013,F,ACTIVO,Rafael Gomez Morales,MADRE,9216245113,rafael.gomez.morales22@ejemplo.com,Secundaria,2,S,Plan 12 Meses
ANUAL,MAT-260051,MVDXMOX0ABNXPK6J1L,KARLA DANIELA LUIS CARRERA,24/01/2013,M,ACTIVO,Fernando Morales Ortiz,TUTOR,9219449858,fernando.morales.ort66@ejemplo.com,Secundaria,2,S,Plan 10 Meses
ANUAL,MAT-260052,23RY8DP7P4NKYHEBH3,NAIM JIMENEZ DOMINGUEZ,13/02/2013,F,ACTIVO,Martha Ramirez Romero,TUTOR,9216044911,martha.ramirez.romer33@ejemplo.com,Secundaria,2,S,Plan 10 Meses
ANUAL,MAT-260053,TH60MQEPWH8X07BI2X,LIAM EZEQUIEL OVILLA ESPINOZA,23/10/2013,M,ACTIVO,Patricia Martinez Perez,TUTOR,9212939066,patricia.martinez.pe61@ejemplo.com,Secundaria,2,S,Plan 10 Meses
ANUAL,MAT-260054,1IEIETRUPERPZ81PNK,ELIAS EDUARDO SANCHEZ DIAZ,05/10/2013,F,ACTIVO,Rosa Ortiz Sanchez,PADRE,9215325849,rosa.ortiz.sanchez70@ejemplo.com,Secundaria,2,S,Plan 10 Meses
ANUAL,MAT-260055,KYDWQRN6H7ZNWOYA75,NOE DAVID GARCIA NELSON,06/06/2013,M,ACTIVO,Monica Mendoza Rodriguez,MADRE,9216235193,monica.mendoza.rodri26@ejemplo.com,Secundaria,2,S,Plan 10 Meses
ANUAL,MAT-260056,XHA5R97DNUI6CRY42D,ANGEL JOSUE SERAPIO ZU├æIGA,05/06/2013,F,ACTIVO,Gabriela Castillo Torres,TUTOR,9214423069,gabriela.castillo.to31@ejemplo.com,Secundaria,2,S,Plan 10 Meses
ANUAL,MAT-260057,G4DMDTH0YH1SRMVCHA,ADA MARIA TORRES JUAREZ,24/10/2013,M,ACTIVO,Teresa Sanchez Gutierrez,TUTOR,9219543332,teresa.sanchez.gutie43@ejemplo.com,Secundaria,2,S,Plan 12 Meses
ANUAL,MAT-260058,S1INY3WABBIITVEKBJ,NATHAN DIDIER CARRASCO CASTA├æEDA,02/11/2013,F,ACTIVO,Carmen Martinez Perez,PADRE,9215443066,carmen.martinez.pere39@ejemplo.com,Secundaria,2,S,Plan 10 Meses
ANUAL,MAT-260059,ZCXK8AOCYMWH8RRT1U,GABRIEL ALEJANDRO SERVIN SOBERANO,15/05/2013,M,ACTIVO,Rosa Gutierrez Sanchez,MADRE,9219928596,rosa.gutierrez.sanch35@ejemplo.com,Secundaria,2,S,Plan 10 Meses
ANUAL,MAT-260060,Q6KT7ZJ0VBND0O06HQ,ZOE ROSADO MARTINEZ,23/12/2013,M,ACTIVO,Maria Mendoza Ramirez,TUTOR,9214178051,maria.mendoza.ramire68@ejemplo.com,Secundaria,2,S,Plan 10 Meses
ANUAL,MAT-260061,N06Z11L2F62LQMES19,AXEL FAB├ŹAN BARROSO CARDENAS,08/11/2013,F,ACTIVO,Silvia Castillo Romero,PADRE,9211915461,silvia.castillo.rome65@ejemplo.com,Secundaria,2,S,Plan 12 Meses
ANUAL,MAT-260062,FETB1BZ2TEVX0EKLQV,XIMENA GARDUZA LIM├ōN,19/04/2013,M,ACTIVO,Claudia Flores Jimenez,TUTOR,9211565047,claudia.flores.jimen67@ejemplo.com,Secundaria,2,S,Plan 10 Meses
ANUAL,MAT-260063,MOIJDF0RZCULGTFVD0,GABRIEL ALEJANDRO FUENTES TORRES,19/05/2013,F,ACTIVO,Ana Hernandez Morales,MADRE,9218689379,ana.hernandez.morale57@ejemplo.com,Secundaria,2,S,Plan 10 Meses
ANUAL,MAT-260064,22OTMYU29U11O8P1RH,MELANY AIDEE RODRIGUEZ TOLENTINO,08/08/2013,M,ACTIVO,Arturo Vargas Ramirez,MADRE,9218984323,arturo.vargas.ramire48@ejemplo.com,Secundaria,2,S,Plan 10 Meses
ANUAL,MAT-260065,J7749AEXSHQRHFBJFX,VICTORIA POLA CARDENAS,04/06/2013,M,ACTIVO,Pedro Vargas Hernandez,MADRE,9218241499,pedro.vargas.hernand46@ejemplo.com,Secundaria,2,S,Plan 10 Meses
ANUAL,MAT-260066,W419LNUIUL33NM3OBA,ALISSA XIMENA GUTIERRES DOMINGUEZ,04/11/2013,F,ACTIVO,Ana Hernandez Morales,MADRE,9218689379,ana.hernandez.morale57@ejemplo.com,Secundaria,2,S,Plan 10 Meses
ANUAL,MAT-0156,3DUJBRUC9MA98IT7M3,EDITH FERNANDA GARCIA PE├æA,24/08/2013,F,ACTIVO,Claudia Ramirez Morales,PADRE,9218958556,claudia.ramirez.mora71@ejemplo.com,Secundaria,2,S,Plan 10 Meses
ANUAL,MAT-0157,F5ATG1FNSFJ2GCUFYN,ANGEL DE JESUS RIVERA DOMINGUEZ,26/01/2013,F,ACTIVO,Carlos Alvarez Flores,MADRE,9219930616,carlos.alvarez.flore54@ejemplo.com,Secundaria,2,S,Plan 10 Meses
ANUAL,MAT-0158,F2ZS5OWHJII67H3009,ALEJANDRO DOMINGUEZ LAUREANO,07/07/2012,M,ACTIVO,Antonio Reyes Vargas,TUTOR,9214996570,antonio.reyes.vargas58@ejemplo.com,Secundaria,3,S,Plan 10 Meses
ANUAL,MAT-0159,Y9LNUYZOKE6S7ZCLK0,ARYED ALEJANDRA MONTESINOS GARCIA,16/03/2012,M,ACTIVO,Carlos Morales Torres,MADRE,9216978082,carlos.morales.torre55@ejemplo.com,Secundaria,3,S,Plan 10 Meses
ANUAL,MAT-0160,V1UWBLMJEVNCVPYK10,DAMARA GENOVEVA PRIMO MORALES,11/02/2012,M,ACTIVO,Antonio Flores Sanchez,PADRE,9214737369,antonio.flores.sanch25@ejemplo.com,Secundaria,3,S,Plan 10 Meses
ANUAL,MAT-0161,NIPXC1AQMHOM1J6PBK,SAMUEL VALLEROJO SANCHEZ,26/03/2012,M,ACTIVO,Martha Ramirez Romero,TUTOR,9216044911,martha.ramirez.romer33@ejemplo.com,Secundaria,3,S,Plan 10 Meses
ANUAL,MAT-0162,I2R8VRID09X9G5OZ7H,CARLOS MIGUEL MATEO ORTEGA,28/12/2012,M,ACTIVO,Teresa Sanchez Gutierrez,TUTOR,9219543332,teresa.sanchez.gutie43@ejemplo.com,Secundaria,3,S,Plan 10 Meses
ANUAL,MAT-0163,QJKS5T5WO7KTGISNGE,LUIS ALEJANDRO RODRIGUEZ BOFFIL,02/11/2012,M,ACTIVO,Carlos Alvarez Flores,MADRE,9219930616,carlos.alvarez.flore54@ejemplo.com,Secundaria,3,S,Plan 12 Meses
ANUAL,MAT-0164,DV9G8RSC0N798V2SVE,IKER SANTIAGO SAAVEDRA GRAJEDA,04/05/2012,F,ACTIVO,Teresa Vargas Vargas,TUTOR,9217377015,teresa.vargas.vargas50@ejemplo.com,Secundaria,3,S,Plan 10 Meses
ANUAL,MAT-0165,EJFTOOO2UG1ZHCJ2EC,ADRIEL MORALES DOMINGUEZ,03/02/2012,F,ACTIVO,Carlos Morales Torres,MADRE,9216978082,carlos.morales.torre55@ejemplo.com,Secundaria,3,S,Plan 10 Meses
ANUAL,MAT-0166,7V7HISM83YSDXUZEPC,HELLEN MONTSERRAT HERNANDEZ GARCIA,26/08/2012,F,ACTIVO,Miguel Reyes Jimenez,MADRE,9216843628,miguel.reyes.jimenez59@ejemplo.com,Secundaria,3,S,Plan 12 Meses
ANUAL,MAT-0167,QAYANLDD2365I7Q68H,ROMINA GONZALEZ HERNANDEZ,24/06/2012,M,ACTIVO,Carmen Ramirez Vargas,MADRE,9216187334,carmen.ramirez.varga69@ejemplo.com,Secundaria,3,S,Plan 10 Meses
ANUAL,MAT-0168,MOMKVFEKOAEVI5Y1B3,KARLA VALENTINA ROSALES SAN JUAN,20/09/2012,M,ACTIVO,Carmen Martinez Perez,PADRE,9215443066,carmen.martinez.pere39@ejemplo.com,Secundaria,3,S,Plan 10 Meses
ANUAL,MAT-0169,01F4PAQAHNBVIQOEGU,EMILIO ESTRADA CABRERA,26/09/2012,M,ACTIVO,Claudia Ramirez Morales,PADRE,9218958556,claudia.ramirez.mora71@ejemplo.com,Secundaria,3,S,Plan 10 Meses
ANUAL,MAT-0170,MULOH9S4XC05V9C89W,PAOLA AYALETH POLA CARDENAS,10/04/2012,F,ACTIVO,Carmen Martinez Martinez,TUTOR,9212005397,carmen.martinez.mart38@ejemplo.com,Secundaria,3,S,Plan 10 Meses
SEMESTRAL,MAT-0171,4ERMMEK6JHY1KKKRUN,ANA ISABEL RODRIGUEZ CASTILLO,26/09/2009,F,ACTIVO,Carmen Ramirez Vargas,MADRE,9216187334,carmen.ramirez.varga69@ejemplo.com,Bachillerato,6 Semestre,B,Plan 10 Meses
SEMESTRAL,MAT-0172,X1817RQ95Y66S32G6F,ABRIL YATZIL CRUZ ARIZPE,02/01/2009,M,ACTIVO,Roberto Reyes Torres,PADRE,9218465701,roberto.reyes.torres1@ejemplo.com,Bachillerato,6 Semestre,B,Plan 10 Meses
SEMESTRAL,MAT-0173,4LYS6QB1HO0BNU49G8,NAHOMI CRUZ GOMEZ,14/09/2009,F,ACTIVO,Gabriela Castillo Torres,TUTOR,9214423069,gabriela.castillo.to31@ejemplo.com,Bachillerato,6 Semestre,B,Plan 12 Meses
SEMESTRAL,MAT-0174,U3KLD8JPQQ4SHUV3U0,IVANNA PAULINA ALCEDA GUILLEN,28/06/2009,F,ACTIVO,Ricardo Ortiz Garcia,MADRE,9212182563,ricardo.ortiz.garcia52@ejemplo.com,Bachillerato,6 Semestre,B,Plan 10 Meses
